Species;Family
Abalistes stellatus;Balistidae
Abudefduf abdominalis;Pomacentridae
Abudefduf bengalensis;Pomacentridae
Abudefduf concolor;Pomacentridae
Abudefduf conformis;Pomacentridae
Abudefduf notatus;Pomacentridae
Abudefduf saxatilis;Pomacentridae
Abudefduf septemfasciatus;Pomacentridae
Abudefduf sexfasciatus;Pomacentridae
Abudefduf sordidus;Pomacentridae
Abudefduf sparoides;Pomacentridae
Abudefduf spp;Pomacentridae
Abudefduf troschelii;Pomacentridae
Abudefduf vaigiensis;Pomacentridae
Abudefduf whitleyi;Pomacentridae
Acanthaluteres brownii;Monacanthidae
Acanthaluteres spilomelanurus;Monacanthidae
Acanthaluteres vittiger;Monacanthidae
Acanthemblemaria aspera;Chaenopsidae
Acanthemblemaria atrata;Chaenopsidae
Acanthemblemaria hancocki;Chaenopsidae
Acanthemblemaria spinosa;Chaenopsidae
Acanthistius cinctus;Serranidae
Acanthistius ocellatus;Serranidae
Acanthistius serratus;Serranidae
Acanthochromis polyacanthus;Pomacentridae
Acanthocybium solandri;Scombridae
Acanthopagrus australis;Sparidae
Acanthopagrus latus;Sparidae
Acanthostracion polygonius;Ostraciidae
Acanthostracion quadricornis;Ostraciidae
Acanthurus achilles;Acanthuridae
Acanthurus albipectoralis;Acanthuridae
Acanthurus auranticavus;Acanthuridae
Acanthurus bahianus;Acanthuridae
Acanthurus bariene;Acanthuridae
Acanthurus blochii;Acanthuridae
Acanthurus chirurgus;Acanthuridae
Acanthurus coeruleus;Acanthuridae
Acanthurus dussumieri;Acanthuridae
Acanthurus fowleri;Acanthuridae
Acanthurus gahhm;Acanthuridae
Acanthurus grammoptilus;Acanthuridae
Acanthurus guttatus;Acanthuridae
Acanthurus leucocheilus;Acanthuridae
Acanthurus leucopareius;Acanthuridae
Acanthurus leucosternon;Acanthuridae
Acanthurus lineatus;Acanthuridae
Acanthurus maculiceps;Acanthuridae
Acanthurus mata;Acanthuridae
Acanthurus nigricans;Acanthuridae
Acanthurus nigricauda;Acanthuridae
Acanthurus nigrofuscus;Acanthuridae
Acanthurus nigroris;Acanthuridae
Acanthurus nubilus;Acanthuridae
Acanthurus olivaceus;Acanthuridae
Acanthurus pyroferus;Acanthuridae
Acanthurus reversus;Acanthuridae
Acanthurus sohal;Acanthuridae
Acanthurus spp;Acanthuridae
Acanthurus tennentii;Acanthuridae
Acanthurus thompsoni;Acanthuridae
Acanthurus tractus;Acanthuridae
Acanthurus triostegus;Acanthuridae
Acanthurus tristis;Acanthuridae
Acanthurus xanthopterus;Acanthuridae
Achoerodus gouldii;Labridae
Achoerodus viridis;Labridae
Aeoliscus strigatus;Centriscidae
Aethaloperca rogaa;Serranidae
Aetobatus ocellatus;Aetobatidae
Aioliops megastigma;Microdesmidae
Aioliops novaeguineae;Microdesmidae
Alectis ciliaris;Carangidae
Alectis indica;Carangidae
Alepes spp;Carangidae
Alepes vari;Carangidae
Alphestes immaculatus;Serranidae
Aluterus scriptus;Monacanthidae
Amanses scopas;Monacanthidae
Amanses spp;Monacanthidae
Amblycirrhitus bimacula;Cirrhitidae
Amblycirrhitus pinos;Cirrhitidae
Amblyeleotris fasciata;Gobiidae
Amblyeleotris guttata;Gobiidae
Amblyeleotris gymnocephala;Gobiidae
Amblyeleotris japonica;Gobiidae
Amblyeleotris katherine;Gobiidae
Amblyeleotris periophthalma;Gobiidae
Amblyeleotris spp;Gobiidae
Amblyeleotris steinitzi;Gobiidae
Amblyeleotris wheeleri;Gobiidae
Amblyglyphidodon aureus;Pomacentridae
Amblyglyphidodon batunai;Pomacentridae
Amblyglyphidodon curacao;Pomacentridae
Amblyglyphidodon flavilatus;Pomacentridae
Amblyglyphidodon indicus;Pomacentridae
Amblyglyphidodon leucogaster;Pomacentridae
Amblyglyphidodon melanopterus;Pomacentridae
Amblyglyphidodon orbicularis;Pomacentridae
Amblyglyphidodon spp;Pomacentridae
Amblyglyphidodon ternatensis;Pomacentridae
Amblygobius buanensis;Gobiidae
Amblygobius bynoensis;Gobiidae
Amblygobius decussatus;Gobiidae
Amblygobius nocturnus;Gobiidae
Amblygobius phalaena;Gobiidae
Amblygobius spp;Gobiidae
Amphichaetodon howensis;Chaetodontidae
Amphichthys cryptocentrus;Batrachoididae
Amphiprion akallopisos;Pomacentridae
Amphiprion akindynos;Pomacentridae
Amphiprion allardi;Pomacentridae
Amphiprion bicinctus;Pomacentridae
Amphiprion chrysopterus;Pomacentridae
Amphiprion clarkii;Pomacentridae
Amphiprion ephippium;Pomacentridae
Amphiprion frenatus;Pomacentridae
Amphiprion fuscocaudatus;Pomacentridae
Amphiprion latezonatus;Pomacentridae
Amphiprion leucokranos;Pomacentridae
Amphiprion mccullochi;Pomacentridae
Amphiprion melanopus;Pomacentridae
Amphiprion nigripes;Pomacentridae
Amphiprion ocellaris;Pomacentridae
Amphiprion percula;Pomacentridae
Amphiprion perideraion;Pomacentridae
Amphiprion rubrocinctus;Pomacentridae
Amphiprion sandaracinos;Pomacentridae
Amphiprion spp;Pomacentridae
Anampses caeruleopunctatus;Labridae
Anampses cuvier;Labridae
Anampses elegans;Labridae
Anampses femininus;Labridae
Anampses geographicus;Labridae
Anampses lennardi;Labridae
Anampses lineatus;Labridae
Anampses melanurus;Labridae
Anampses meleagrides;Labridae
Anampses neoguinaicus;Labridae
Anampses spp;Labridae
Anampses twistii;Labridae
Anarrhichthys ocellatus;Anarhichadidae
Anisotremus caesius;Haemulidae
Anisotremus interruptus;Haemulidae
Anisotremus scapularis;Haemulidae
Anisotremus surinamensis;Haemulidae
Anisotremus taeniatus;Haemulidae
Anisotremus virginicus;Haemulidae
Anoplocapros inermis;Aracanidae
Anoplocapros lenticularis;Aracanidae
Anyperodon leucogrammicus;Serranidae
Aphareus furca;Lutjanidae
Aphareus rutilans;Lutjanidae
Aplodactylus arctidens;Aplodactylidae
Aplodactylus etheridgii;Aplodactylidae
Aplodactylus lophodon;Aplodactylidae
Apogon apogonides;Apogonidae
Apogon apogonoides;Apogonidae
Apogon atradorsatus;Apogonidae
Apogon atricaudus;Apogonidae
Apogon binotatus;Apogonidae
Apogon capricornis;Apogonidae
Apogon chrysotaenia;Apogonidae
Apogon doederleini;Apogonidae
Apogon dovii;Apogonidae
Apogon flavus;Apogonidae
Apogon imberbis;Apogonidae
Apogon lachneri;Apogonidae
Apogon limenus;Apogonidae
Apogon maculatus;Apogonidae
Apogon multilineatus;Apogonidae
Apogon notatus;Apogonidae
Apogon pacificus;Apogonidae
Apogon retrosella;Apogonidae
Apogon schlegeli;Apogonidae
Apogon sp;Apogonidae
Apogon townsendi;Apogonidae
Apogon urostigma;Apogonidae
Apogon victoriae;Apogonidae
Apogonichthyoides timorensis;Apogonidae
Apolemichthys trimaculatus;Pomacanthidae
Aprion virescens;Lutjanidae
Aracana aurita;Aracanidae
Aracana ornata;Aracanidae
Argyrosomus japonicus;Sciaenidae
Arothron caeruleopunctatus;Tetraodontidae
Arothron diadematus;Tetraodontidae
Arothron hispidus;Tetraodontidae
Arothron manilensis;Tetraodontidae
Arothron mappa;Tetraodontidae
Arothron meleagris;Tetraodontidae
Arothron nigropunctatus;Tetraodontidae
Arothron spp;Tetraodontidae
Arothron stellatus;Tetraodontidae
Arripis georgianus;Arripidae
Arripis xylabion;Arripidae
Aspidontus dussumieri;Blenniidae
Aspidontus taeniatus;Blenniidae
Assessor flavissimus;Plesiopidae
Assessor macneilli;Plesiopidae
Assessor randalli;Plesiopidae
Assiculus punctatus;Pseudochromidae
Asterorhombus intermedius;Bothidae
Asterropteryx semipunctata;Gobiidae
Asterropteryx striata;Gobiidae
Atherinomorus spp;Atherinidae
Atractoscion aequidens;Sciaenidae
Atrosalarias holomelas;Blenniidae
Atule mate;Carangidae
Atypichthys latus;Kyphosidae
Atypichthys strigatus;Kyphosidae
Aulacocephalus temminckii;Serranidae
Aulostomus chinensis;Aulostomidae
Aulostomus maculatus;Aulostomidae
Austrolabrus maculatus;Labridae
Axoclinus cocoensis;Tripterygiidae
Axoclinus lucillae;Tripterygiidae
Balistapus undulatus;Balistidae
Balistes polylepis;Balistidae
Balistes vetula;Balistidae
Balistoides conspicillum;Balistidae
Balistoides viridescens;Balistidae
Bathystethus cultratus;Kyphosidae
Bathytoshia brevicaudata;Dasyatidae
Belonoperca chabanaudi;Serranidae
Blenniella chrysospilos;Blenniidae
Bodianus albotaeniatus;Labridae
Bodianus anthioides;Labridae
Bodianus axillaris;Labridae
Bodianus bilunulatus;Labridae
Bodianus diana;Labridae
Bodianus dictynna;Labridae
Bodianus diplotaenia;Labridae
Bodianus frenchii;Labridae
Bodianus loxozonus;Labridae
Bodianus mesothorax;Labridae
Bodianus perditio;Labridae
Bodianus pulchellus;Labridae
Bodianus rufus;Labridae
Bodianus spp;Labridae
Bodianus unimaculatus;Labridae
Bolbometopon muricatum;Scaridae
Boopsoidea inornata;Sparidae
Bothus leopardinus;Bothidae
Bothus mancus;Bothidae
Bothus pantherinus;Bothidae
Brachaelurus waddi;Brachaeluridae
Brachaluteres jacksonianus;Monacanthidae
Bryaninops amplus;Gobiidae
Bryaninops erythrops;Gobiidae
Bryaninops loki;Gobiidae
Bryaninops natans;Gobiidae
Bryaninops nexus;Gobiidae
Bryaninops spp;Gobiidae
Bryaninops yongei;Gobiidae
Caesio caerulaurea;Caesionidae
Caesio cuning;Caesionidae
Caesio lunaris;Caesionidae
Caesio spp;Caesionidae
Caesio striata;Caesionidae
Caesio suevica;Caesionidae
Caesio teres;Caesionidae
Caesio varilineata;Caesionidae
Caesio xanthonota;Caesionidae
Caesioperca lepidoptera;Serranidae
Caesioperca rasor;Serranidae
Caffrogobius nudiceps;Gobiidae
Calamus bajonado;Sparidae
Calamus brachysomus;Sparidae
Calamus calamus;Sparidae
Calamus pennatula;Sparidae
Callanthias australis;Callanthiidae
Calloplesiops altivelis;Plesiopidae
Calotomus carolinus;Scaridae
Calotomus japonicus;Scaridae
Calotomus spinidens;Scaridae
Calotomus spp;Scaridae
Calotomus viridescens;Scaridae
Cantherhines dumerilii;Monacanthidae
Cantherhines fronticinctus;Monacanthidae
Cantherhines longicaudus;Monacanthidae
Cantherhines macrocerus;Monacanthidae
Cantherhines pardalis;Monacanthidae
Cantherhines pullus;Monacanthidae
Cantherhines sandwichiensis;Monacanthidae
Cantherhines spp;Monacanthidae
Cantheschenia grandisquamis;Monacanthidae
Canthidermis maculata;Balistidae
Canthidermis sufflamen;Balistidae
Canthigaster amboinensis;Tetraodontidae
Canthigaster axiologus;Tetraodontidae
Canthigaster bennetti;Tetraodontidae
Canthigaster callisterna;Tetraodontidae
Canthigaster coronata;Tetraodontidae
Canthigaster epilampra;Tetraodontidae
Canthigaster figueiredoi;Tetraodontidae
Canthigaster jactator;Tetraodontidae
Canthigaster janthinoptera;Tetraodontidae
Canthigaster papua;Tetraodontidae
Canthigaster punctatissima;Tetraodontidae
Canthigaster rivulata;Tetraodontidae
Canthigaster rostrata;Tetraodontidae
Canthigaster smithae;Tetraodontidae
Canthigaster spp;Tetraodontidae
Canthigaster valentini;Tetraodontidae
Caprodon longimanus;Serranidae
Caracanthus maculatus;Scorpaenidae
Caracanthus typicus;Scorpaenidae
Caracanthus unipinna;Scorpaenidae
Carangoides bajad;Carangidae
Carangoides bartholomaei;Carangidae
Carangoides chrysophrys;Carangidae
Carangoides ferdau;Carangidae
Carangoides fulvoguttatus;Carangidae
Carangoides gymnostethus;Carangidae
Carangoides oblongus;Carangidae
Carangoides orthogrammus;Carangidae
Carangoides plagiotaenia;Carangidae
Carangoides spp;Carangidae
Caranx caballus;Carangidae
Caranx caninus;Carangidae
Caranx crysos;Carangidae
Caranx ignobilis;Carangidae
Caranx lugubris;Carangidae
Caranx melampygus;Carangidae
Caranx papuensis;Carangidae
Caranx sexfasciatus;Carangidae
Caranx spp;Carangidae
Carcharhinus albimarginatus;Carcharhinidae
Carcharhinus amblyrhynchos;Carcharhinidae
Carcharhinus galapagensis;Carcharhinidae
Carcharhinus melanopterus;Carcharhinidae
Carcharhinus perezii;Carcharhinidae
Carcharhinus spp;Carcharhinidae
Carcharias taurus;Odontaspididae
Caulolatilus princeps;Malacanthidae
Centroberyx lineatus;Berycidae
Centropogon australis;Tetrarogidae
Centropyge acanthops;Pomacanthidae
Centropyge argi;Pomacanthidae
Centropyge bicolor;Pomacanthidae
Centropyge bispinosa;Pomacanthidae
Centropyge eibli;Pomacanthidae
Centropyge ferrugata;Pomacanthidae
Centropyge fisheri;Pomacanthidae
Centropyge flavissima;Pomacanthidae
Centropyge heraldi;Pomacanthidae
Centropyge hotumatua;Pomacanthidae
Centropyge joculator;Pomacanthidae
Centropyge loricula;Pomacanthidae
Centropyge multispinis;Pomacanthidae
Centropyge nox;Pomacanthidae
Centropyge spp;Pomacanthidae
Centropyge tibicen;Pomacanthidae
Centropyge vrolikii;Pomacanthidae
Cephalopholis argus;Serranidae
Cephalopholis boenak;Serranidae
Cephalopholis cruentata;Serranidae
Cephalopholis cyanostigma;Serranidae
Cephalopholis formosa;Serranidae
Cephalopholis fulva;Serranidae
Cephalopholis hemistiktos;Serranidae
Cephalopholis leopardus;Serranidae
Cephalopholis microprion;Serranidae
Cephalopholis miniata;Serranidae
Cephalopholis panamensis;Serranidae
Cephalopholis sexmaculata;Serranidae
Cephalopholis sonnerati;Serranidae
Cephalopholis spiloparaea;Serranidae
Cephalopholis spp;Serranidae
Cephalopholis urodeta;Serranidae
Cephaloscyllium laticeps;Scyliorhinidae
Cetoscarus bicolor;Scaridae
Cetoscarus ocellatus;Scaridae
Chaetodermis penicilligerus;Monacanthidae
Chaetodipterus faber;Ephippidae
Chaetodipterus zonatus;Ephippidae
Chaetodon adiergastos;Chaetodontidae
Chaetodon andamanensis;Chaetodontidae
Chaetodon argentatus;Chaetodontidae
Chaetodon assarius;Chaetodontidae
Chaetodon aureofasciatus;Chaetodontidae
Chaetodon auriga;Chaetodontidae
Chaetodon auripes;Chaetodontidae
Chaetodon austriacus;Chaetodontidae
Chaetodon baronessa;Chaetodontidae
Chaetodon bennetti;Chaetodontidae
Chaetodon capistratus;Chaetodontidae
Chaetodon citrinellus;Chaetodontidae
Chaetodon collare;Chaetodontidae
Chaetodon decussatus;Chaetodontidae
Chaetodon dolosus;Chaetodontidae
Chaetodon ephippium;Chaetodontidae
Chaetodon falcula;Chaetodontidae
Chaetodon fasciatus;Chaetodontidae
Chaetodon flavirostris;Chaetodontidae
Chaetodon guentheri;Chaetodontidae
Chaetodon guttatissimus;Chaetodontidae
Chaetodon humeralis;Chaetodontidae
Chaetodon interruptus;Chaetodontidae
Chaetodon kleinii;Chaetodontidae
Chaetodon lineolatus;Chaetodontidae
Chaetodon litus;Chaetodontidae
Chaetodon lunula;Chaetodontidae
Chaetodon lunulatus;Chaetodontidae
Chaetodon madagaskariensis;Chaetodontidae
Chaetodon marleyi;Chaetodontidae
Chaetodon melannotus;Chaetodontidae
Chaetodon mertensii;Chaetodontidae
Chaetodon meyeri;Chaetodontidae
Chaetodon miliaris;Chaetodontidae
Chaetodon multicinctus;Chaetodontidae
Chaetodon ocellatus;Chaetodontidae
Chaetodon ocellicaudus;Chaetodontidae
Chaetodon octofasciatus;Chaetodontidae
Chaetodon ornatissimus;Chaetodontidae
Chaetodon oxycephalus;Chaetodontidae
Chaetodon paucifasciatus;Chaetodontidae
Chaetodon pelewensis;Chaetodontidae
Chaetodon plebeius;Chaetodontidae
Chaetodon punctatofasciatus;Chaetodontidae
Chaetodon quadrimaculatus;Chaetodontidae
Chaetodon rafflesii;Chaetodontidae
Chaetodon rainfordi;Chaetodontidae
Chaetodon reticulatus;Chaetodontidae
Chaetodon sedentarius;Chaetodontidae
Chaetodon semeion;Chaetodontidae
Chaetodon semilarvatus;Chaetodontidae
Chaetodon sp;Chaetodontidae
Chaetodon speculum;Chaetodontidae
Chaetodon striatus;Chaetodontidae
Chaetodon triangulum;Chaetodontidae
Chaetodon trichrous;Chaetodontidae
Chaetodon tricinctus;Chaetodontidae
Chaetodon trifascialis;Chaetodontidae
Chaetodon trifasciatus;Chaetodontidae
Chaetodon ulietensis;Chaetodontidae
Chaetodon unimaculatus;Chaetodontidae
Chaetodon vagabundus;Chaetodontidae
Chaetodon xanthocephalus;Chaetodontidae
Chaetodon xanthurus;Chaetodontidae
Chaetodon zanzibarensis;Chaetodontidae
Chaetodontoplus conspicillatus;Pomacanthidae
Chaetodontoplus duboulayi;Pomacanthidae
Chaetodontoplus meredithi;Pomacanthidae
Chaetodontoplus mesoleucus;Pomacanthidae
Chaetodontoplus personifer;Pomacanthidae
Chaetodontoplus septentrionalis;Pomacanthidae
Chanos chanos;Chanidae
Cheilinus chlorourus;Labridae
Cheilinus fasciatus;Labridae
Cheilinus lunulatus;Labridae
Cheilinus oxycephalus;Labridae
Cheilinus spp;Labridae
Cheilinus trilobatus;Labridae
Cheilinus undulatus;Labridae
Cheilio inermis;Labridae
Cheilodactylus ephippium;Cheilodactylidae
Cheilodactylus fasciatus;Cheilodactylidae
Cheilodactylus francisi;Cheilodactylidae
Cheilodactylus fuscus;Cheilodactylidae
Cheilodactylus gibbosus;Cheilodactylidae
Cheilodactylus nigripes;Cheilodactylidae
Cheilodactylus pixi;Cheilodactylidae
Cheilodactylus rubrolabiatus;Cheilodactylidae
Cheilodactylus spectabilis;Cheilodactylidae
Cheilodactylus vestitus;Cheilodactylidae
Cheilodipterus arabicus;Apogonidae
Cheilodipterus artus;Apogonidae
Cheilodipterus intermedius;Apogonidae
Cheilodipterus isostigmus;Apogonidae
Cheilodipterus macrodon;Apogonidae
Cheilodipterus nigrotaeniatus;Apogonidae
Cheilodipterus quinquelineatus;Apogonidae
Cheilodipterus sp;Apogonidae
Cheiloprion labiatus;Pomacentridae
Chelmon marginalis;Chaetodontidae
Chelmon rostratus;Chaetodontidae
Chelmonops curiosus;Chaetodontidae
Chelmonops truncatus;Chaetodontidae
Chilomycterus antennatus;Diodontidae
Chilomycterus reticulatus;Diodontidae
Chiloscyllium punctatum;Hemiscylliidae
Chirodactylus brachydactylus;Cheilodactylidae
Chironemus marmoratus;Chironemidae
Chlorurus atrilunula;Scaridae
Chlorurus bleekeri;Scaridae
Chlorurus bowersi;Scaridae
Chlorurus capistratoides;Scaridae
Chlorurus frontalis;Scaridae
Chlorurus gibbus;Scaridae
Chlorurus japanensis;Scaridae
Chlorurus microrhinos;Scaridae
Chlorurus rhakoura;Scaridae
Chlorurus sordidus;Scaridae
Chlorurus spilurus;Scaridae
Chlorurus strongylocephalus;Scaridae
Choerodon anchorago;Labridae
Choerodon azurio;Labridae
Choerodon cauteroma;Labridae
Choerodon cephalotes;Labridae
Choerodon cyanodus;Labridae
Choerodon fasciatus;Labridae
Choerodon graphicus;Labridae
Choerodon jordani;Labridae
Choerodon monostigma;Labridae
Choerodon rubescens;Labridae
Choerodon schoenleinii;Labridae
Choerodon spp;Labridae
Choerodon vitta;Labridae
Chromileptes altivelis;Serranidae
Chromis abrupta;Pomacentridae
Chromis acares;Pomacentridae
Chromis agilis;Pomacentridae
Chromis alpha;Pomacentridae
Chromis alta;Pomacentridae
Chromis amboinensis;Pomacentridae
Chromis analis;Pomacentridae
Chromis atrilobata;Pomacentridae
Chromis atripectoralis;Pomacentridae
Chromis atripes;Pomacentridae
Chromis bami;Pomacentridae
Chromis caudalis;Pomacentridae
Chromis chromis;Pomacentridae
Chromis chrysura;Pomacentridae
Chromis cinerascens;Pomacentridae
Chromis cyanea;Pomacentridae
Chromis dimidiata;Pomacentridae
Chromis dispilus;Pomacentridae
Chromis elerae;Pomacentridae
Chromis flavaxilla;Pomacentridae
Chromis flavipectoralis;Pomacentridae
Chromis flavomaculata;Pomacentridae
Chromis fumea;Pomacentridae
Chromis hanui;Pomacentridae
Chromis hypsilepis;Pomacentridae
Chromis insolata;Pomacentridae
Chromis iomelas;Pomacentridae
Chromis klunzingeri;Pomacentridae
Chromis lepidolepis;Pomacentridae
Chromis lineata;Pomacentridae
Chromis margaritifer;Pomacentridae
Chromis multilineata;Pomacentridae
Chromis nigrura;Pomacentridae
Chromis nitida;Pomacentridae
Chromis notata;Pomacentridae
Chromis opercularis;Pomacentridae
Chromis ovalis;Pomacentridae
Chromis pamae;Pomacentridae
Chromis pembae;Pomacentridae
Chromis randalli;Pomacentridae
Chromis retrofasciata;Pomacentridae
Chromis scotochiloptera;Pomacentridae
Chromis scotti;Pomacentridae
Chromis sp;Pomacentridae
Chromis ternatensis;Pomacentridae
Chromis vanderbilti;Pomacentridae
Chromis viridis;Pomacentridae
Chromis weberi;Pomacentridae
Chromis westaustralis;Pomacentridae
Chromis xanthochira;Pomacentridae
Chromis xanthura;Pomacentridae
Chromis xutha;Pomacentridae
Chrysiptera biocellata;Pomacentridae
Chrysiptera bleekeri;Pomacentridae
Chrysiptera brownriggii;Pomacentridae
Chrysiptera caesifrons;Pomacentridae
Chrysiptera cyanea;Pomacentridae
Chrysiptera flavipinnis;Pomacentridae
Chrysiptera galba;Pomacentridae
Chrysiptera glauca;Pomacentridae
Chrysiptera hemicyanea;Pomacentridae
Chrysiptera notialis;Pomacentridae
Chrysiptera oxycephala;Pomacentridae
Chrysiptera parasema;Pomacentridae
Chrysiptera rapanui;Pomacentridae
Chrysiptera rex;Pomacentridae
Chrysiptera rollandi;Pomacentridae
Chrysiptera spp;Pomacentridae
Chrysiptera springeri;Pomacentridae
Chrysiptera starcki;Pomacentridae
Chrysiptera talboti;Pomacentridae
Chrysiptera taupou;Pomacentridae
Chrysiptera traceyi;Pomacentridae
Chrysiptera tricincta;Pomacentridae
Chrysiptera unimaculata;Pomacentridae
Chrysoblephus laticeps;Sparidae
Chrysophrys auratus;Sparidae
Cirrhilabrus cyanopleura;Labridae
Cirrhilabrus exquisitus;Labridae
Cirrhilabrus flavidorsalis;Labridae
Cirrhilabrus katherinae;Labridae
Cirrhilabrus laboutei;Labridae
Cirrhilabrus lineatus;Labridae
Cirrhilabrus punctatus;Labridae
Cirrhilabrus randalli;Labridae
Cirrhilabrus scottorum;Labridae
Cirrhilabrus scottorum;Labridae
Cirrhilabrus solorensis;Labridae
Cirrhilabrus spp;Labridae
Cirrhilabrus temminckii;Labridae
Cirrhilabrus walindi;Labridae
Cirrhitichthys aprinus;Cirrhitidae
Cirrhitichthys falco;Cirrhitidae
Cirrhitichthys oxycephalus;Cirrhitidae
Cirrhitops fasciatus;Cirrhitidae
Cirrhitops hubbardi;Cirrhitidae
Cirrhitus pinnulatus;Cirrhitidae
Cirrhitus rivulatus;Cirrhitidae
Cirripectes alboapicalis;Blenniidae
Cirripectes alleni;Blenniidae
Cirripectes auritus;Blenniidae
Cirripectes castaneus;Blenniidae
Cirripectes chelomatus;Blenniidae
Cirripectes filamentosus;Blenniidae
Cirripectes fuscoguttatus;Blenniidae
Cirripectes hutchinsi;Blenniidae
Cirripectes polyzona;Blenniidae
Cirripectes sp;Blenniidae
Cirripectes springeri;Blenniidae
Cirripectes stigmaticus;Blenniidae
Cirripectes vanderbilti;Blenniidae
Cirripectes variolosus;Blenniidae
Cleidopus gloriamaris;Monocentridae
Clepticus parrae;Labridae
Clupeiformes spp;Clupeidae
Cnidoglanis macrocephalus;Plotosidae
Coradion altivelis;Chaetodontidae
Coradion chrysozonus;Chaetodontidae
Coris auricularis;Labridae
Coris aurilineata;Labridae
Coris aygula;Labridae
Coris batuensis;Labridae
Coris bulbifrons;Labridae
Coris caudimacula;Labridae
Coris centralis;Labridae
Coris cuvieri;Labridae
Coris debueni;Labridae
Coris dorsomacula;Labridae
Coris formosa;Labridae
Coris gaimard;Labridae
Coris hewetti;Labridae
Coris julis;Labridae
Coris picta;Labridae
Coris pictoides;Labridae
Coris roseoviridis;Labridae
Coris sandeyeri;Labridae
Coris spp;Labridae
Coris venusta;Labridae
Coryphopterus dicrus;Gobiidae
Coryphopterus eidolon;Gobiidae
Coryphopterus glaucofraenum;Gobiidae
Coryphopterus hyalinus;Gobiidae
Coryphopterus lipernes;Gobiidae
Coryphopterus personatus;Gobiidae
Coryphopterus spp;Gobiidae
Coryphopterus tortugae;Gobiidae
Coryphopterus urospilus;Gobiidae
Corythoichthys conspicillatus;Syngnathidae
Corythoichthys haematopterus;Syngnathidae
Corythoichthys intestinalis;Syngnathidae
Corythoichthys schultzi;Syngnathidae
Corythoichthys sp;Syngnathidae
Crenimugil crenilabis;Mugilidae
Crossosalarias macrospilus;Blenniidae
Cryptocentrus caeruleomaculatus;Gobiidae
Cryptocentrus caeruleopunctatus;Gobiidae
Cryptocentrus cinctus;Gobiidae
Cryptocentrus cryptocentrus;Gobiidae
Cryptocentrus fasciatus;Gobiidae
Cryptocentrus leptocephalus;Gobiidae
Cryptocentrus sp;Gobiidae
Cryptocentrus strigilliceps;Gobiidae
Ctenochaetus binotatus;Acanthuridae
Ctenochaetus cyanocheilus;Acanthuridae
Ctenochaetus flavicauda;Acanthuridae
Ctenochaetus hawaiiensis;Acanthuridae
Ctenochaetus marginatus;Acanthuridae
Ctenochaetus spp;Acanthuridae
Ctenochaetus striatus;Acanthuridae
Ctenochaetus tominiensis;Acanthuridae
Ctenochaetus truncatus;Acanthuridae
Ctenogobiops crocineus;Gobiidae
Ctenogobiops feroculus;Gobiidae
Ctenogobiops mitodes;Gobiidae
Ctenogobiops pomastictus;Gobiidae
Ctenogobiops spp;Gobiidae
Ctenogobiops tangaroai;Gobiidae
Cybiosarda elegans;Scombridae
Cyclichthys orbicularis;Diodontidae
Cymbacephalus beauforti;Platycephalidae
Cypho purpurascens;Pseudochromidae
Cypho zaps;Pseudochromidae
Cyprinocirrhites polyactis;Cirrhitidae
Dactylophora nigricans;Cheilodactylidae
Dascyllus albisella;Pomacentridae
Dascyllus aruanus;Pomacentridae
Dascyllus carneus;Pomacentridae
Dascyllus flavicaudus;Pomacentridae
Dascyllus melanurus;Pomacentridae
Dascyllus reticulatus;Pomacentridae
Dascyllus strasburgi;Pomacentridae
Dascyllus trimaculatus;Pomacentridae
Dasyatid spp;Dasyatidae
Dasyatis americana;Dasyatidae
Dasyatis brevis;Dasyatidae
Dasyatis longa;Dasyatidae
Dasyatis thetidis;Dasyatidae
Decapterus koheru;Carangidae
Decapterus macarellus;Carangidae
Decapterus punctatus;Carangidae
Decapterus spp;Carangidae
Dendrochirus barberi;Scorpaenidae
Dendrochirus zebra;Scorpaenidae
Dermatolepis dermatolepis;Serranidae
Diademichthys lineatus;Gobiesocidae
Diagramma labiosum;Haemulidae
Diagramma melanacrum;Haemulidae
Diagramma spp;Haemulidae
Dicotylichthys punctulatus;Diodontidae
Dinolestes lewini;Dinolestidae
Diodon holocanthus;Diodontidae
Diodon hystrix;Diodontidae
Diodon liturosus;Diodontidae
Diodon nicthemerus;Diodontidae
Diplodus argenteus;Sparidae
Diplodus capensis;Sparidae
Diplodus cervinus;Sparidae
Diplodus vulgaris;Sparidae
Diplogrammus goramensis;Callionymidae
Diplogrammus xenicus;Callionymidae
Diploprion bifasciatum;Serranidae
Diproctacanthus xanthurus;Labridae
Dischistodus chrysopoecilus;Pomacentridae
Dischistodus darwiniensis;Pomacentridae
Dischistodus melanotus;Pomacentridae
Dischistodus perspicillatus;Pomacentridae
Dischistodus prosopotaenia;Pomacentridae
Dischistodus pseudochrysopoecilus;Pomacentridae
Dischistodus spp;Pomacentridae
Doratonotus megalepis;Labridae
Doryrhamphus excisus;Syngnathidae
Dotalabrus alleni;Labridae
Dotalabrus aurantiacus;Labridae
Dunckerocampus dactyliophorus;Syngnathidae
Echeneis naucrates;Echeneidae
Echeneis neucratoides;Echeneidae
Echidna nebulosa;Muraenidae
Echidna nocturna;Muraenidae
Ecsenius aequalis;Blenniidae
Ecsenius alleni;Blenniidae
Ecsenius australianus;Blenniidae
Ecsenius bandanus;Blenniidae
Ecsenius bathi;Blenniidae
Ecsenius bicolor;Blenniidae
Ecsenius fijiensis;Blenniidae
Ecsenius fourmanoiri;Blenniidae
Ecsenius lineatus;Blenniidae
Ecsenius lividanalis;Blenniidae
Ecsenius mandibularis;Blenniidae
Ecsenius midas;Blenniidae
Ecsenius minutus;Blenniidae
Ecsenius nalolo;Blenniidae
Ecsenius namiyei;Blenniidae
Ecsenius oculatus;Blenniidae
Ecsenius ops;Blenniidae
Ecsenius prooculis;Blenniidae
Ecsenius schroederi;Blenniidae
Ecsenius sp;Blenniidae
Ecsenius stictus;Blenniidae
Ecsenius stigmatura;Blenniidae
Ecsenius tigris;Blenniidae
Ecsenius trilineatus;Blenniidae
Ecsenius yaeyamaensis;Blenniidae
Elacatinus evelynae;Gobiidae
Elacatinus figaro;Gobiidae
Elacatinus genie;Gobiidae
Elacatinus lobeli;Gobiidae
Elacatinus oceanops;Gobiidae
Elacatinus prochilos;Gobiidae
Elacatinus puncticulatus;Gobiidae
Elacatinus randalli;Gobiidae
Elacatinus saucrus;Gobiidae
Elacatinus spp;Gobiidae
Elacatinus xanthiprora;Gobiidae
Elagatis bipinnulata;Carangidae
Elops affinis;Elopidae
Emblemariopsis signifer;Chaenopsidae
Emblemariopsis sp;Chaenopsidae
Enchelycore ramosa;Muraenidae
Enneapterygius atrogulare;Tripterygiidae
Enneapterygius flavoccipitis;Tripterygiidae
Enneapterygius hemimelas;Tripterygiidae
Enneapterygius kermadecensis;Tripterygiidae
Enneapterygius rufopileus;Tripterygiidae
Enneapterygius similis;Tripterygiidae
Enneapterygius spp;Tripterygiidae
Enneapterygius tutuilae;Tripterygiidae
Enoplosus armatus;Enoplosidae
Eocallionymus papilio;Callionymidae
Epibulus brevis;Labridae
Epibulus insidiator;Labridae
Epinephelides armatus;Serranidae
Epinephelus adscensionis;Serranidae
Epinephelus areolatus;Serranidae
Epinephelus bilobatus;Serranidae
Epinephelus bleekeri;Serranidae
Epinephelus coeruleopunctatus;Serranidae
Epinephelus coioides;Serranidae
Epinephelus corallicola;Serranidae
Epinephelus cyanopodus;Serranidae
Epinephelus daemelii;Serranidae
Epinephelus fasciatus;Serranidae
Epinephelus fuscoguttatus;Serranidae
Epinephelus guttatus;Serranidae
Epinephelus hexagonatus;Serranidae
Epinephelus howlandi;Serranidae
Epinephelus irroratus;Serranidae
Epinephelus itajara;Serranidae
Epinephelus labriformis;Serranidae
Epinephelus lanceolatus;Serranidae
Epinephelus longispinis;Serranidae
Epinephelus macrospilos;Serranidae
Epinephelus maculatus;Serranidae
Epinephelus malabaricus;Serranidae
Epinephelus melanostigma;Serranidae
Epinephelus merra;Serranidae
Epinephelus morio;Serranidae
Epinephelus multinotatus;Serranidae
Epinephelus octofasciatus;Serranidae
Epinephelus ongus;Serranidae
Epinephelus polyphekadion;Serranidae
Epinephelus quoyanus;Serranidae
Epinephelus rivulatus;Serranidae
Epinephelus socialis;Serranidae
Epinephelus sp;Serranidae
Epinephelus spilotoceps;Serranidae
Epinephelus spp;Serranidae
Epinephelus striatus;Serranidae
Epinephelus tauvina;Serranidae
Epinephelus tukula;Serranidae
Epinephelus undulatostriatus;Serranidae
Equetus punctatus;Sciaenidae
Eubalichthys bucephalus;Monacanthidae
Eubalichthys caeruleoguttatus;Monacanthidae
Eubalichthys cyanoura;Monacanthidae
Eubalichthys mosaicus;Monacanthidae
Eucrossorhinus dasypogon;Orectolobidae
Eupetrichthys angustipes;Labridae
Euthynnus affinis;Scombridae
Euthynnus lineatus;Scombridae
Eviota albolineata;Gobiidae
Eviota atriventris;Gobiidae
Eviota bifasciata;Gobiidae
Eviota bimaculata;Gobiidae
Eviota fasciola;Gobiidae
Eviota guttata;Gobiidae
Eviota hoesei;Gobiidae
Eviota latifasciata;Gobiidae
Eviota melasma;Gobiidae
Eviota mikiae;Gobiidae
Eviota nigriventris;Gobiidae
Eviota pellucida;Gobiidae
Eviota prasites;Gobiidae
Eviota punctulata;Gobiidae
Eviota queenslandica;Gobiidae
Eviota raja;Gobiidae
Eviota rubriceps;Gobiidae
Eviota sebreei;Gobiidae
Eviota sigillata;Gobiidae
Eviota sp;Gobiidae
Eviota storthynx;Gobiidae
Eviota zebrina;Gobiidae
Evistias acutirostris;Pentacerotidae
Exallias brevis;Blenniidae
Exyrias belissimus;Gobiidae
Exyrias spp;Gobiidae
Favonigobius spp;Gobiidae
Fistularia commersonii;Fistulariidae
Fistularia petimba;Fistulariidae
Fistularia spp;Fistulariidae
Fistularia tabacaria;Fistulariidae
Forcipiger flavissimus;Chaetodontidae
Forcipiger longirostris;Chaetodontidae
Forsterygion flavonigrum;Tripterygiidae
Forsterygion lapillum;Tripterygiidae
Forsterygion malcolmi;Tripterygiidae
Forsterygion maryannae;Tripterygiidae
Forsterygion varium;Tripterygiidae
Fusigobius duospilus;Gobiidae
Fusigobius inframaculatus;Gobiidae
Fusigobius melacron;Gobiidae
Fusigobius neophytus;Gobiidae
Fusigobius signipinnis;Gobiidae
Fusigobius sp;Gobiidae
Galeocerdo cuvier;Carcharhinidae
Genicanthus lamarck;Pomacanthidae
Genicanthus melanospilos;Pomacanthidae
Genicanthus semicinctus;Pomacanthidae
Genicanthus watanabei;Pomacanthidae
Gerres cinereus;Gerreidae
Gerres equulus;Gerreidae
Gerres subfasciatus;Gerreidae
Ginglymostoma cirratum;Ginglymostomatidae
Girella cyanea;Kyphosidae
Girella elevata;Kyphosidae
Girella freminvillii;Kyphosidae
Girella punctata;Kyphosidae
Girella tricuspidata;Kyphosidae
Girella zebra;Kyphosidae
Gladiogobius brevispinis;Gobiidae
Glaucosoma magnificum;Glaucosomatidae
Glaucosoma scapulare;Glaucosomatidae
Glyptoparus delicatulus;Blenniidae
Gnathanodon speciosus;Carangidae
Gnathodentex aureolineatus;Lethrinidae
Gnatholepis anjerensis;Gobiidae
Gnatholepis cauerensis;Gobiidae
Gnatholepis spp;Gobiidae
Gnatholepis thompsoni;Gobiidae
Gobiodon citrinus;Gobiidae
Gobiodon heterospilos;Gobiidae
Gobiodon histrio;Gobiidae
Gobiodon histrio;Gobiidae
Gobiodon okinawae;Gobiidae
Gobiodon quinquestrigatus;Gobiidae
Gobiodon sp;Gobiidae
Gobiodon spilophthalmus;Gobiidae
Gobius fallax;Gobiidae
Gomphosus caeruleus;Labridae
Gomphosus varius;Labridae
Goniistius plessisi;Cheilodactylidae
Goniistius zebra;Cheilodactylidae
Goniistius zonatus;Cheilodactylidae
Gorgasia galzini;Congridae
Gracila albomarginata;Serranidae
Gramma brasiliensis;Grammatidae
Gramma loreto;Grammatidae
Grammatorcynus bicarinatus;Scombridae
Grammatorcynus bilineatus;Scombridae
Grammatorcynus spp;Scombridae
Grammistes sexlineatus;Serranidae
Gunnellichthys monostigma;Microdesmidae
Gymnocaesio gymnoptera;Caesionidae
Gymnocranius audleyi;Lethrinidae
Gymnocranius euanus;Lethrinidae
Gymnocranius microdon;Lethrinidae
Gymnocranius spp;Lethrinidae
Gymnocranius superciliosus;Lethrinidae
Gymnocrotaphus curvidens;Sparidae
Gymnomuraena zebra;Muraenidae
Gymnosarda unicolor;Scombridae
Gymnothorax annasona;Muraenidae
Gymnothorax breedeni;Muraenidae
Gymnothorax castaneus;Muraenidae
Gymnothorax dovii;Muraenidae
Gymnothorax eurostus;Muraenidae
Gymnothorax favagineus;Muraenidae
Gymnothorax flavimarginatus;Muraenidae
Gymnothorax funebris;Muraenidae
Gymnothorax isingteena;Muraenidae
Gymnothorax javanicus;Muraenidae
Gymnothorax meleagris;Muraenidae
Gymnothorax miliaris;Muraenidae
Gymnothorax moringa;Muraenidae
Gymnothorax nubilus;Muraenidae
Gymnothorax panamensis;Muraenidae
Gymnothorax pictus;Muraenidae
Gymnothorax porphyreus;Muraenidae
Gymnothorax prasinus;Muraenidae
Gymnothorax prionodon;Muraenidae
Gymnothorax spp;Muraenidae
Gymnothorax thrysoideus;Muraenidae
Gymnothorax undulatus;Muraenidae
Haemulon album;Haemulidae
Haemulon aurolineatum;Haemulidae
Haemulon carbonarium;Haemulidae
Haemulon chrysargyreum;Haemulidae
Haemulon flaviguttatum;Haemulidae
Haemulon flavolineatum;Haemulidae
Haemulon macrostomum;Haemulidae
Haemulon maculicauda;Haemulidae
Haemulon parra;Haemulidae
Haemulon plumierii;Haemulidae
Haemulon sciurus;Haemulidae
Haemulon scudderii;Haemulidae
Haemulon sexfasciatum;Haemulidae
Haemulon spp;Haemulidae
Haemulon steindachneri;Haemulidae
Halichoeres adustus;Labridae
Halichoeres argus;Labridae
Halichoeres biocellatus;Labridae
Halichoeres bivittatus;Labridae
Halichoeres brasiliensis;Labridae
Halichoeres brownfieldi;Labridae
Halichoeres chierchiae;Labridae
Halichoeres chloropterus;Labridae
Halichoeres chrysus;Labridae
Halichoeres cosmetus;Labridae
Halichoeres cyanocephalus;Labridae
Halichoeres dimidiatus;Labridae
Halichoeres discolor;Labridae
Halichoeres dispilus;Labridae
Halichoeres erdmanni;Labridae
Halichoeres garnoti;Labridae
Halichoeres hartzfeldii;Labridae
Halichoeres hortulanus;Labridae
Halichoeres iridis;Labridae
Halichoeres leucoxanthus;Labridae
Halichoeres leucurus;Labridae
Halichoeres maculipinna;Labridae
Halichoeres malpelo;Labridae
Halichoeres margaritaceus;Labridae
Halichoeres marginatus;Labridae
Halichoeres melanochir;Labridae
Halichoeres melanurus;Labridae
Halichoeres melasmapomus;Labridae
Halichoeres miniatus;Labridae
Halichoeres nebulosus;Labridae
Halichoeres nicholsi;Labridae
Halichoeres nigrescens;Labridae
Halichoeres notospilus;Labridae
Halichoeres orientalis;Labridae
Halichoeres ornatissimus;Labridae
Halichoeres pictus;Labridae
Halichoeres poeyi;Labridae
Halichoeres prosopeion;Labridae
Halichoeres radiatus;Labridae
Halichoeres richmondi;Labridae
Halichoeres salmofasciatus;Labridae
Halichoeres scapularis;Labridae
Halichoeres semicinctus;Labridae
Halichoeres solorensis;Labridae
Halichoeres sp;Labridae
Halichoeres tenuispinis;Labridae
Halichoeres timorensis;Labridae
Halichoeres trimaculatus;Labridae
Haploblepharus edwardsii;Scyliorhinidae
Helcogramma chica;Tripterygiidae
Helcogramma decurrens;Tripterygiidae
Helcogramma maldivensis;Tripterygiidae
Helcogramma sp;Tripterygiidae
Helcogramma striatum;Tripterygiidae
Hemiglyphidodon plagiometopon;Pomacentridae
Hemigymnus fasciatus;Labridae
Hemigymnus melapterus;Labridae
Hemiscyllium ocellatum;Hemiscylliidae
Hemiscyllium trispeculare;Hemiscylliidae
Hemitaurichthys multispinosus;Chaetodontidae
Hemitaurichthys polylepis;Chaetodontidae
Hemitaurichthys thompsoni;Chaetodontidae
Hemitaurichthys zoster;Chaetodontidae
Heniochus acuminatus;Chaetodontidae
Heniochus chrysostomus;Chaetodontidae
Heniochus diphreutes;Chaetodontidae
Heniochus intermedius;Chaetodontidae
Heniochus monoceros;Chaetodontidae
Heniochus pleurotaenia;Chaetodontidae
Heniochus singularius;Chaetodontidae
Heniochus spp;Chaetodontidae
Heniochus varius;Chaetodontidae
Heteroconger hassi;Congridae
Heteroconger klausewitzi;Congridae
Heterocongrinae spp;Congridae
Heterodontus galeatus;Heterodontidae
Heterodontus portusjacksoni;Heterodontidae
Heteropriacanthus cruentatus;Priacanthidae
Heteroscarus acroptilus;Odacidae
Himantura spp;Dasyatidae
Hippocampus bargibanti;Syngnathidae
Hipposcarus harid;Scaridae
Hipposcarus longiceps;Scaridae
Holacanthus bermudensis;Pomacanthidae
Holacanthus ciliaris;Pomacanthidae
Holacanthus passer;Pomacanthidae
Holacanthus tricolor;Pomacanthidae
Holocentrus adscensionis;Holocentridae
Holocentrus rufus;Holocentridae
Hologymnosus annulatus;Labridae
Hologymnosus doliatus;Labridae
Hoplolatilus cuniculus;Malacanthidae
Hoplolatilus starcki;Malacanthidae
Hoplopagrus guentherii;Lutjanidae
Hyperlophus vittatus;Clupeidae
Hypnos monopterygius;Hypnidae
Hypoplectrodes annulatus;Serranidae
Hypoplectrodes maccullochi;Serranidae
Hypoplectrodes nigroruber;Serranidae
Hypoplectrodes sp;Serranidae
Hypoplectrus aberrans;Serranidae
Hypoplectrus chlorurus;Serranidae
Hypoplectrus gemma;Serranidae
Hypoplectrus guttavarius;Serranidae
Hypoplectrus indigo;Serranidae
Hypoplectrus nigricans;Serranidae
Hypoplectrus providencianus;Serranidae
Hypoplectrus puella;Serranidae
Hypoplectrus sp;Serranidae
Hypoplectrus unicolor;Serranidae
Hyporhamphus affinis;Hemiramphidae
Hyporhamphus dussumieri;Hemiramphidae
Inermia vittata;Haemulidae
Iniistius celebicus;Labridae
Iniistius pavo;Labridae
Inimicus filamentosus;Synanceiidae
Isocirrhitus sexfasciatus;Cirrhitidae
Istigobius decoratus;Gobiidae
Istigobius goldmanni;Gobiidae
Istigobius hoesei;Gobiidae
Istigobius nigroocellatus;Gobiidae
Istigobius rigilius;Gobiidae
Istigobius sp;Gobiidae
Istigobius spence;Gobiidae
Itycirrhitus wilhelmi;Cirrhitidae
Jenkinsia lamprotaenia;Clupeidae
Johnrandallia nigrirostris;Chaetodontidae
Koumansetta hectori;Gobiidae
Koumansetta rainfordi;Gobiidae
Kyphosus analogus;Kyphosidae
Kyphosus bigibbus;Kyphosidae
Kyphosus cinerascens;Kyphosidae
Kyphosus cornelii;Kyphosidae
Kyphosus elegans;Kyphosidae
Kyphosus incisor;Kyphosidae
Kyphosus sectatrix;Kyphosidae
Kyphosus spp;Kyphosidae
Kyphosus sydneyanus;Kyphosidae
Kyphosus vaigiensis;Kyphosidae
Labracinus cyclophthalmus;Pseudochromidae
Labracinus cyclophthalmus;Pseudochromidae
Labracinus lineatus;Pseudochromidae
Labracinus spp;Pseudochromidae
Labracoglossa nitida;Kyphosidae
Labrichthys spp;Labridae
Labrichthys unilineatus;Labridae
Labrisomus cricota;Labrisomidae
Labrisomus dendriticus;Labrisomidae
Labrisomus nuchipinnis;Labrisomidae
Labrisomus spp;Labrisomidae
Labroides bicolor;Labridae
Labroides dimidiatus;Labridae
Labroides pectoralis;Labridae
Labroides phthirophagus;Labridae
Labroides rubrolabiatus;Labridae
Labropsis australis;Labridae
Labropsis manabei;Labridae
Labropsis micronesica;Labridae
Labropsis spp;Labridae
Labropsis xanthonota;Labridae
Lachnolaimus maximus;Labridae
Lactophrys bicaudalis;Ostraciidae
Lactoria diaphana;Ostraciidae
Larabicus quadrilineatus;Labridae
Latridopsis forsteri;Latridae
Latropiscis purpurissatus;Aulopidae
Leiuranus versicolor;Ophichthidae
Lepidonectes clarkhubbsi;Tripterygiidae
Lepidonectes corallicola;Tripterygiidae
Lepidozygus tapeinosoma;Pomacentridae
Leptojulis chrysotaenia;Labridae
Leptojulis cyanopleura;Labridae
Leptoscarus vaigiensis;Scaridae
Lethrinus amboinensis;Lethrinidae
Lethrinus atkinsoni;Lethrinidae
Lethrinus erythracanthus;Lethrinidae
Lethrinus erythropterus;Lethrinidae
Lethrinus genivittatus;Lethrinidae
Lethrinus harak;Lethrinidae
Lethrinus laticaudis;Lethrinidae
Lethrinus lentjan;Lethrinidae
Lethrinus miniatus;Lethrinidae
Lethrinus nebulosus;Lethrinidae
Lethrinus obsoletus;Lethrinidae
Lethrinus olivaceus;Lethrinidae
Lethrinus ornatus;Lethrinidae
Lethrinus rubrioperculatus;Lethrinidae
Lethrinus semicinctus;Lethrinidae
Lethrinus spp;Lethrinidae
Lethrinus variegatus;Lethrinidae
Lethrinus xanthochilus;Lethrinidae
Limnichthys fasciatus;Creediidae
Lotella rhacina;Moridae
Lotilia graciliosa;Gobiidae
Lucayablennius zingaro;Chaenopsidae
Lutjanus adetii;Lutjanidae
Lutjanus alexandrei;Lutjanidae
Lutjanus analis;Lutjanidae
Lutjanus apodus;Lutjanidae
Lutjanus aratus;Lutjanidae
Lutjanus argentimaculatus;Lutjanidae
Lutjanus argentiventris;Lutjanidae
Lutjanus biguttatus;Lutjanidae
Lutjanus bohar;Lutjanidae
Lutjanus boutton;Lutjanidae
Lutjanus carponotatus;Lutjanidae
Lutjanus colorado;Lutjanidae
Lutjanus decussatus;Lutjanidae
Lutjanus ehrenbergii;Lutjanidae
Lutjanus erythropterus;Lutjanidae
Lutjanus fulviflamma;Lutjanidae
Lutjanus fulvus;Lutjanidae
Lutjanus gibbus;Lutjanidae
Lutjanus griseus;Lutjanidae
Lutjanus guttatus;Lutjanidae
Lutjanus inermis;Lutjanidae
Lutjanus jocu;Lutjanidae
Lutjanus johnii;Lutjanidae
Lutjanus jordani;Lutjanidae
Lutjanus kasmira;Lutjanidae
Lutjanus lemniscatus;Lutjanidae
Lutjanus lutjanus;Lutjanidae
Lutjanus mahogoni;Lutjanidae
Lutjanus monostigma;Lutjanidae
Lutjanus novemfasciatus;Lutjanidae
Lutjanus quinquelineatus;Lutjanidae
Lutjanus rivulatus;Lutjanidae
Lutjanus rufolineatus;Lutjanidae
Lutjanus russellii;Lutjanidae
Lutjanus sebae;Lutjanidae
Lutjanus semicinctus;Lutjanidae
Lutjanus spp;Lutjanidae
Lutjanus synagris;Lutjanidae
Lutjanus viridis;Lutjanidae
Lutjanus vitta;Lutjanidae
Luzonichthys spp;Serranidae
Luzonichthys waitei;Serranidae
Luzonichthys whitleyi;Serranidae
Macolor macularis;Lutjanidae
Macolor niger;Lutjanidae
Macrodontogobius wilburi;Gobiidae
Macropharyngodon bipartitus;Labridae
Macropharyngodon choati;Labridae
Macropharyngodon geoffroy;Labridae
Macropharyngodon kuiteri;Labridae
Macropharyngodon meleagris;Labridae
Macropharyngodon negrosensis;Labridae
Macropharyngodon ornatus;Labridae
Macropharyngodon spp;Labridae
Malacanthus brevirostris;Malacanthidae
Malacanthus latovittatus;Malacanthidae
Malacanthus plumieri;Malacanthidae
Malacoctenus boehlkei;Labrisomidae
Malacoctenus ebisui;Labrisomidae
Malacoctenus margaritae;Labrisomidae
Malacoctenus spp;Labrisomidae
Malacoctenus tetranemus;Labrisomidae
Malacoctenus triangulatus;Labrisomidae
Manonichthys splendens;Pseudochromidae
Manta birostris;Mobulidae
Mccoskerichthys sandae;Chaenopsidae
Mecaenichthys immaculatus;Pomacentridae
Megalops atlanticus;Megalopidae
Meiacanthus atrodorsalis;Blenniidae
Meiacanthus bundoon;Blenniidae
Meiacanthus crinitus;Blenniidae
Meiacanthus ditrema;Blenniidae
Meiacanthus grammistes;Blenniidae
Meiacanthus kamoharai;Blenniidae
Meiacanthus lineatus;Blenniidae
Meiacanthus luteus;Blenniidae
Meiacanthus mossambicus;Blenniidae
Meiacanthus nigrolineatus;Blenniidae
Meiacanthus oualanensis;Blenniidae
Meiacanthus phaeus;Blenniidae
Meiacanthus reticulatus;Blenniidae
Meiacanthus smithi;Blenniidae
Meiacanthus sp;Blenniidae
Meiacanthus tongaensis;Blenniidae
Melichthys indicus;Balistidae
Melichthys niger;Balistidae
Melichthys vidua;Balistidae
Meuschenia flavolineata;Monacanthidae
Meuschenia freycineti;Monacanthidae
Meuschenia galii;Monacanthidae
Meuschenia hippocrepis;Monacanthidae
Meuschenia scaber;Monacanthidae
Meuschenia trachylepis;Monacanthidae
Microcanthus strigatus;Kyphosidae
Microgobius microlepis;Gobiidae
Micropogonias spp;Sciaenidae
Microspathodon bairdii;Pomacentridae
Microspathodon chrysurus;Pomacentridae
Microspathodon dorsalis;Pomacentridae
Mobula thurstoni;Myliobatidae
Monacanthus chinensis;Monacanthidae
Monacanthus tuckeri;Monacanthidae
Monodactylus argenteus;Monodactylidae
Monotaxis grandoculis;Lethrinidae
Monotaxis heterodon;Lethrinidae
Mugil cephalus;Mugilidae
Mulloidichthys dentatus;Mullidae
Mulloidichthys flavolineatus;Mullidae
Mulloidichthys martinicus;Mullidae
Mulloidichthys mimicus;Mullidae
Mulloidichthys vanicolensis;Mullidae
Mullus surmuletus;Mullidae
Muraena clepsydra;Muraenidae
Muraena lentiginosa;Muraenidae
Mycteroperca bonaci;Serranidae
Mycteroperca interstitialis;Serranidae
Mycteroperca olfax;Serranidae
Mycteroperca tigris;Serranidae
Mycteroperca xenarcha;Serranidae
Myliobatis tenuicaudatus;Myliobatidae
Myrichthys maculosus;Ophichthidae
Myrichthys tigrinus;Ophichthidae
Myripristis adusta;Holocentridae
Myripristis amaena;Holocentridae
Myripristis berndti;Holocentridae
Myripristis botche;Holocentridae
Myripristis earlei;Holocentridae
Myripristis hexagona;Holocentridae
Myripristis jacobus;Holocentridae
Myripristis kochiensis;Holocentridae
Myripristis kuntee;Holocentridae
Myripristis leiognathus;Holocentridae
Myripristis murdjan;Holocentridae
Myripristis pralinia;Holocentridae
Myripristis randalli;Holocentridae
Myripristis spp;Holocentridae
Myripristis tiki;Holocentridae
Myripristis violacea;Holocentridae
Myripristis vittata;Holocentridae
Nannosalarias nativitatis;Blenniidae
Naso annulatus;Acanthuridae
Naso brachycentron;Acanthuridae
Naso brevirostris;Acanthuridae
Naso caeruleacauda;Acanthuridae
Naso caesius;Acanthuridae
Naso elegans;Acanthuridae
Naso fageni;Acanthuridae
Naso hexacanthus;Acanthuridae
Naso lituratus;Acanthuridae
Naso spp;Acanthuridae
Naso thynnoides;Acanthuridae
Naso tonganus;Acanthuridae
Naso tuberosus;Acanthuridae
Naso unicornis;Acanthuridae
Naso vlamingii;Acanthuridae
Neatypus obliquus;Kyphosidae
Nebrius ferrugineus;Ginglymostomatidae
Nectamia bandanensis;Apogonidae
Nectamia similis;Apogonidae
Nectamia sp;Apogonidae
Negaprion acutidens;Carcharhinidae
Nelusetta ayraud;Monacanthidae
Nemadactylus douglasii;Cheilodactylidae
Nemadactylus macropterus;Cheilodactylidae
Nemadactylus valenciennesi;Cheilodactylidae
Nemateleotris magnifica;Microdesmidae
Neocirrhites armatus;Cirrhitidae
Neoglyphidodon bonang;Pomacentridae
Neoglyphidodon carlsoni;Pomacentridae
Neoglyphidodon crossi;Pomacentridae
Neoglyphidodon melas;Pomacentridae
Neoglyphidodon nigroris;Pomacentridae
Neoglyphidodon oxyodon;Pomacentridae
Neoglyphidodon polyacanthus;Pomacentridae
Neoglyphidodon spp;Pomacentridae
Neoglyphidodon thoracotaeniatus;Pomacentridae
Neomyxus leuciscus;Mugilidae
Neoniphon argenteus;Holocentridae
Neoniphon marianus;Holocentridae
Neoniphon opercularis;Holocentridae
Neoniphon sammara;Holocentridae
Neoniphon spp;Holocentridae
Neoodax balteatus;Odacidae
Neopomacentrus anabatoides;Pomacentridae
Neopomacentrus azysron;Pomacentridae
Neopomacentrus bankieri;Pomacentridae
Neopomacentrus cyanomos;Pomacentridae
Neopomacentrus filamentosus;Pomacentridae
Neopomacentrus metallicus;Pomacentridae
Neopomacentrus nemurus;Pomacentridae
Neopomacentrus spp;Pomacentridae
Neopomacentrus violascens;Pomacentridae
Neotrygon kuhlii;Dasyatidae
Neotrygon ningalooensis;Dasyatidae
Nicholsina denticulata;Scaridae
Notocirrhitus splendens;Cirrhitidae
Notoclinops segmentatus;Tripterygiidae
Notoclinops yaldwyni;Tripterygiidae
Notolabrus celidotus;Labridae
Notolabrus fucicola;Labridae
Notolabrus gymnogenis;Labridae
Notolabrus inscriptus;Labridae
Notolabrus parilus;Labridae
Notolabrus tetricus;Labridae
Novaculichthys taeniourus;Labridae
Ocyurus chrysurus;Lutjanidae
Odax pullus;Odacidae
Odontoscion dentex;Sciaenidae
Odontoscion xanthops;Sciaenidae
Odonus niger;Balistidae
Ogilbyina novaehollandiae;Pseudochromidae
Ogilbyina queenslandiae;Pseudochromidae
Olisthops cyanomelas;Odacidae
Omegophora cyanopunctata;Tetraodontidae
Ophioblennius atlanticus;Blenniidae
Ophioblennius steindachneri;Blenniidae
Ophthalmolepis lineolatus;Labridae
Opistognathus aurifrons;Opistognathidae
Opistognathus panamaensis;Opistognathidae
Opistognathus randalli;Opistognathidae
Opistognathus spp;Opistognathidae
Oplegnathus conwayi;Oplegnathidae
Optivus agastos;Trachichthyidae
Orectolobus halei;Orectolobidae
Orectolobus maculatus;Orectolobidae
Orectolobus ornatus;Orectolobidae
Orectolobus spp;Orectolobidae
Orectolobus wardi;Orectolobidae
Orthopristis forbesi;Haemulidae
Ostorhinchus angustatus;Apogonidae
Ostorhinchus aureus;Apogonidae
Ostorhinchus cavitensis;Apogonidae
Ostorhinchus compressus;Apogonidae
Ostorhinchus cookii;Apogonidae
Ostorhinchus cyanosoma;Apogonidae
Ostorhinchus dispar;Apogonidae
Ostorhinchus luteus;Apogonidae
Ostorhinchus monospilus;Apogonidae
Ostorhinchus neotes;Apogonidae
Ostorhinchus nigrofasciatus;Apogonidae
Ostorhinchus norfolcensis;Apogonidae
Ostorhinchus pallidofasciatus;Apogonidae
Ostorhinchus parvulus;Apogonidae
Ostorhinchus properuptus;Apogonidae
Ostorhinchus rubrimacula;Apogonidae
Ostorhinchus rueppellii;Apogonidae
Ostorhinchus sealei;Apogonidae
Ostorhinchus spp;Apogonidae
Ostorhinchus taeniophorus;Apogonidae
Ostorhinchus thermalis;Apogonidae
Ostorhinchus wassinki;Apogonidae
Ostracion cubicus;Ostraciidae
Ostracion cyanurus;Ostraciidae
Ostracion immaculatus;Ostraciidae
Ostracion meleagris;Ostraciidae
Ostracion solorensis;Ostraciidae
Ostracion spp;Ostraciidae
Ostracion whitleyi;Ostraciidae
Othos dentex;Serranidae
Oxycercichthys veliferus;Pseudochromidae
Oxycheilinus bimaculatus;Labridae
Oxycheilinus celebicus;Labridae
Oxycheilinus digrammus;Labridae
Oxycheilinus lineatus;Labridae
Oxycheilinus nigromarginatus;Labridae
Oxycheilinus orientalis;Labridae
Oxycheilinus spp;Labridae
Oxycheilinus unifasciatus;Labridae
Oxycirrhites typus;Cirrhitidae
Oxymonacanthus longirostris;Monacanthidae
Pachymetopon aeneum;Sparidae
Parablennius laticlavius;Blenniidae
Parablennius marmoreus;Blenniidae
Parablennius pilicornis;Blenniidae
Parablennius serratolineatus;Blenniidae
Paracaesio sordida;Lutjanidae
Paracaesio xanthura;Lutjanidae
Paracanthurus hepatus;Acanthuridae
Paracentropyge multifasciatus;Pomacanthidae
Paracentropyge sp;Pomacanthidae
Parachaetodon ocellatus;Chaetodontidae
Paracheilinus cyaneus;Labridae
Paracheilinus spp;Labridae
Paracirrhites arcatus;Cirrhitidae
Paracirrhites forsteri;Cirrhitidae
Paracirrhites hemistictus;Cirrhitidae
Paracirrhites nisus;Cirrhitidae
Paracirrhites spp;Cirrhitidae
Paracirrhites xanthus;Cirrhitidae
Paragobiodon spp;Gobiidae
Paragobiodon xanthosoma;Gobiidae
Parajulis poecilepterus;Labridae
Paralabrax albomaculatus;Serranidae
Paraluteres prionurus;Monacanthidae
Paramonacanthus japonicus;Monacanthidae
Paranthias colonus;Serranidae
Paranthias furcifer;Serranidae
Parapercis australis;Pinguipedidae
Parapercis bimacula;Pinguipedidae
Parapercis clathrata;Pinguipedidae
Parapercis colias;Pinguipedidae
Parapercis haackei;Pinguipedidae
Parapercis hexophtalma;Pinguipedidae
Parapercis lineopunctata;Pinguipedidae
Parapercis millepunctata;Pinguipedidae
Parapercis multiplicata;Pinguipedidae
Parapercis pacifica;Pinguipedidae
Parapercis queenslandica;Pinguipedidae
Parapercis ramsayi;Pinguipedidae
Parapercis schauinslandii;Pinguipedidae
Parapercis snyderi;Pinguipedidae
Parapercis sp;Pinguipedidae
Parapercis stricticeps;Pinguipedidae
Parapercis tetracantha;Pinguipedidae
Parapercis xanthogramma;Pinguipedidae
Parapercis xanthozona;Pinguipedidae
Paraplesiops bleekeri;Plesiopidae
Paraplesiops meleagris;Plesiopidae
Paraplesiops poweri;Plesiopidae
Paraplotosus butleri;Plotosidae
Paraplotosus muelleri;Plotosidae
Parapriacanthus dispar;Pempheridae
Parapriacanthus ransonneti;Pempheridae
Parapristipoma trilineatum;Haemulidae
Parascolopsis spp;Nemipteridae
Parascorpaena aurita;Scorpaenidae
Parascorpis typus;Parascorpididae
Parascyllium variolatum;Parascylliidae
Pareques acuminatus;Sciaenidae
Pareques perissa;Sciaenidae
Pareques viola;Sciaenidae
Parequula melbournensis;Gerreidae
Parioglossus interruptus;Microdesmidae
Parma alboscapularis;Pomacentridae
Parma kermadecensis;Pomacentridae
Parma mccullochi;Pomacentridae
Parma microlepis;Pomacentridae
Parma occidentalis;Pomacentridae
Parma oligolepis;Pomacentridae
Parma polylepis;Pomacentridae
Parma unifasciata;Pomacentridae
Parma victoriae;Pomacentridae
Parupeneus barberinoides;Mullidae
Parupeneus barberinus;Mullidae
Parupeneus chrysopleuron;Mullidae
Parupeneus ciliatus;Mullidae
Parupeneus crassilabris;Mullidae
Parupeneus cyclostomus;Mullidae
Parupeneus forsskali;Mullidae
Parupeneus heptacanthus;Mullidae
Parupeneus indicus;Mullidae
Parupeneus insularis;Mullidae
Parupeneus macronemus;Mullidae
Parupeneus multifasciatus;Mullidae
Parupeneus pleurostigma;Mullidae
Parupeneus porphyreus;Mullidae
Parupeneus spilurus;Mullidae
Parupeneus spp;Mullidae
Pastinachus sephen;Dasyatidae
Pateobatis fai;Dasyatidae
Pelates octolineatus;Terapontidae
Pelates quadrilineatus;Terapontidae
Pelates sexlineatus;Terapontidae
Pempheris adspersa;Pempheridae
Pempheris adusta;Pempheridae
Pempheris affinis;Pempheridae
Pempheris analis;Pempheridae
Pempheris compressa;Pempheridae
Pempheris klunzingeri;Pempheridae
Pempheris mangula;Pempheridae
Pempheris molucca;Pempheridae
Pempheris multiradiata;Pempheridae
Pempheris oualensis;Pempheridae
Pempheris schomburgkii;Pempheridae
Pempheris schwenkii;Pempheridae
Pempheris spp;Pempheridae
Pempheris vanicolensis;Pempheridae
Pentaceropsis recurvirostris;Pentacerotidae
Pentapodus aureofasciatus;Nemipteridae
Pentapodus caninus;Nemipteridae
Pentapodus emeryii;Nemipteridae
Pentapodus paradiseus;Nemipteridae
Pentapodus porosus;Nemipteridae
Pentapodus spp;Nemipteridae
Pentapodus trivittatus;Nemipteridae
Pentapodus vitta;Nemipteridae
Pervagor alternans;Monacanthidae
Pervagor aspricaudus;Monacanthidae
Pervagor janthinosoma;Monacanthidae
Pervagor marginalis;Monacanthidae
Pervagor melanocephalus;Monacanthidae
Pervagor spp;Monacanthidae
Petroscirtes breviceps;Blenniidae
Petroscirtes fallax;Blenniidae
Petroscirtes mitratus;Blenniidae
Petroscirtes spp;Blenniidae
Pholidichthys leucotaenia;Pholidichthyidae
Phyllogobius platycephalops;Gobiidae
Pictichromis coralensis;Pseudochromidae
Pictichromis paccagnellae;Pseudochromidae
Pictichromis porphyrea;Pseudochromidae
Pictilabrus laticlavius;Labridae
Pictilabrus viridis;Labridae
Plagiotremus azaleus;Blenniidae
Plagiotremus ewaensis;Blenniidae
Plagiotremus goslinei;Blenniidae
Plagiotremus laudandus;Blenniidae
Plagiotremus phenax;Blenniidae
Plagiotremus rhinorhynchos;Blenniidae
Plagiotremus spp;Blenniidae
Plagiotremus tapeinosoma;Blenniidae
Plagiotremus townsendi;Blenniidae
Platax batavianus;Ephippidae
Platax boersii;Ephippidae
Platax orbicularis;Ephippidae
Platax pinnatus;Ephippidae
Platax spp;Ephippidae
Platax teira;Ephippidae
Platycephalus fuscus;Platycephalidae
Platycephalus speculator;Platycephalidae
Plectorhinchus albovittatus;Haemulidae
Plectorhinchus caeruleonothus;Haemulidae
Plectorhinchus chaetodonoides;Haemulidae
Plectorhinchus chrysotaenia;Haemulidae
Plectorhinchus diagrammus;Haemulidae
Plectorhinchus flavomaculatus;Haemulidae
Plectorhinchus gibbosus;Haemulidae
Plectorhinchus lessonii;Haemulidae
Plectorhinchus lineatus;Haemulidae
Plectorhinchus multivittatus;Haemulidae
Plectorhinchus picus;Haemulidae
Plectorhinchus polytaenia;Haemulidae
Plectorhinchus schotaf;Haemulidae
Plectorhinchus spp;Haemulidae
Plectorhinchus vittatus;Haemulidae
Plectranthias nanus;Serranidae
Plectroglyphidodon dickii;Pomacentridae
Plectroglyphidodon flaviventris;Pomacentridae
Plectroglyphidodon imparipennis;Pomacentridae
Plectroglyphidodon johnstonianus;Pomacentridae
Plectroglyphidodon lacrymatus;Pomacentridae
Plectroglyphidodon leucozonus;Pomacentridae
Plectroglyphidodon phoenixensis;Pomacentridae
Plectroglyphidodon spp;Pomacentridae
Plectropomus areolatus;Serranidae
Plectropomus laevis;Serranidae
Plectropomus leopardus;Serranidae
Plectropomus maculatus;Serranidae
Plectropomus oligacanthus;Serranidae
Plectropomus pessuliferus;Serranidae
Plectropomus spp;Serranidae
Pleurosicya elongata;Gobiidae
Pleurosicya mossambica;Gobiidae
Pleurosicya spp;Gobiidae
Plotosus canius;Plotosidae
Plotosus lineatus;Plotosidae
Pogonoperca punctata;Serranidae
Pomacanthus arcuatus;Pomacanthidae
Pomacanthus imperator;Pomacanthidae
Pomacanthus navarchus;Pomacanthidae
Pomacanthus paru;Pomacanthidae
Pomacanthus semicirculatus;Pomacanthidae
Pomacanthus sexstriatus;Pomacanthidae
Pomacanthus spp;Pomacanthidae
Pomacanthus xanthometopon;Pomacanthidae
Pomacanthus zonipectus;Pomacanthidae
Pomacentrus adelus;Pomacentridae
Pomacentrus albimaculus;Pomacentridae
Pomacentrus alexanderae;Pomacentridae
Pomacentrus alleni;Pomacentridae
Pomacentrus amboinensis;Pomacentridae
Pomacentrus aurifrons;Pomacentridae
Pomacentrus auriventris;Pomacentridae
Pomacentrus australis;Pomacentridae
Pomacentrus australis;Pomacentridae
Pomacentrus baenschi;Pomacentridae
Pomacentrus bankanensis;Pomacentridae
Pomacentrus brachialis;Pomacentridae
Pomacentrus burroughi;Pomacentridae
Pomacentrus caeruleus;Pomacentridae
Pomacentrus callainus;Pomacentridae
Pomacentrus chrysurus;Pomacentridae
Pomacentrus coelestis;Pomacentridae
Pomacentrus fuscidorsalis;Pomacentridae
Pomacentrus grammorhynchus;Pomacentridae
Pomacentrus imitator;Pomacentridae
Pomacentrus indicus;Pomacentridae
Pomacentrus lepidogenys;Pomacentridae
Pomacentrus limosus;Pomacentridae
Pomacentrus magniseptus;Pomacentridae
Pomacentrus microspilus;Pomacentridae
Pomacentrus milleri;Pomacentridae
Pomacentrus moluccensis;Pomacentridae
Pomacentrus nagasakiensis;Pomacentridae
Pomacentrus nigromanus;Pomacentridae
Pomacentrus nigromarginatus;Pomacentridae
Pomacentrus opisthostigma;Pomacentridae
Pomacentrus pavo;Pomacentridae
Pomacentrus philippinus;Pomacentridae
Pomacentrus reidi;Pomacentridae
Pomacentrus simsiang;Pomacentridae
Pomacentrus smithi;Pomacentridae
Pomacentrus sp;Pomacentridae
Pomacentrus spilotoceps;Pomacentridae
Pomacentrus sulfureus;Pomacentridae
Pomacentrus trichourus;Pomacentridae
Pomacentrus trilineatus;Pomacentridae
Pomacentrus tripunctatus;Pomacentridae
Pomacentrus vaiuli;Pomacentridae
Pomacentrus wardi;Pomacentridae
Pomachromis richardsoni;Pomacentridae
Pomatoschistus spp;Gobiidae
Pontinus spp;Scorpaenidae
Premnas biaculeatus;Pomacentridae
Priacanthus blochii;Priacanthidae
Priacanthus hamrur;Priacanthidae
Priacanthus spp;Priacanthidae
Prionurus laticlavius;Acanthuridae
Prionurus maculatus;Acanthuridae
Prionurus microlepidotus;Acanthuridae
Prionurus scalprum;Acanthuridae
Pristiapogon exostigma;Apogonidae
Pristiapogon fraenatus;Apogonidae
Pristiapogon kallopterus;Apogonidae
Pristiapogon spp;Apogonidae
Pristicon rhodopterus;Apogonidae
Pristicon trimaculatus;Apogonidae
Prognathodes aculeatus;Chaetodontidae
Psammoperca waigiensis;Latidae
Pseudanthias cooperi;Serranidae
Pseudanthias dispar;Serranidae
Pseudanthias engelhardi;Serranidae
Pseudanthias evansi;Serranidae
Pseudanthias fasciatus;Serranidae
Pseudanthias hiva;Serranidae
Pseudanthias huchtii;Serranidae
Pseudanthias hypselosoma;Serranidae
Pseudanthias ignitus;Serranidae
Pseudanthias lori;Serranidae
Pseudanthias mooreanus;Serranidae
Pseudanthias olivaceus;Serranidae
Pseudanthias pascalus;Serranidae
Pseudanthias pictilis;Serranidae
Pseudanthias pleurotaenia;Serranidae
Pseudanthias regalis;Serranidae
Pseudanthias rubrizonatus;Serranidae
Pseudanthias sp;Serranidae
Pseudanthias squamipinnis;Serranidae
Pseudanthias tuka;Serranidae
Pseudanthias tuka;Serranidae
Pseudobalistes flavimarginatus;Balistidae
Pseudobalistes fuscus;Balistidae
Pseudobalistes naufragium;Balistidae
Pseudocaranx cheilio;Carangidae
Pseudocaranx georgianus;Carangidae
Pseudocheilinops ataenia;Labridae
Pseudocheilinus evanidus;Labridae
Pseudocheilinus hexataenia;Labridae
Pseudocheilinus ocellatus;Labridae
Pseudocheilinus octotaenia;Labridae
Pseudocheilinus spp;Labridae
Pseudocheilinus tetrataenia;Labridae
Pseudochromis ammeri;Pseudochromidae
Pseudochromis andamanensis;Pseudochromidae
Pseudochromis bitaeniatus;Pseudochromidae
Pseudochromis cyanotaenia;Pseudochromidae
Pseudochromis elongatus;Pseudochromidae
Pseudochromis flammicauda;Pseudochromidae
Pseudochromis flavivertex;Pseudochromidae
Pseudochromis fridmani;Pseudochromidae
Pseudochromis fuscus;Pseudochromidae
Pseudochromis marshallensis;Pseudochromidae
Pseudochromis olivaceus;Pseudochromidae
Pseudochromis spp;Pseudochromidae
Pseudochromis wilsoni;Pseudochromidae
Pseudocoris aurantiofasciata;Labridae
Pseudocoris bleekeri;Labridae
Pseudocoris yamashiroi;Labridae
Pseudodax moluccanus;Labridae
Pseudojuloides atavai;Labridae
Pseudojuloides cerasinus;Labridae
Pseudojuloides elongatus;Labridae
Pseudolabrus biserialis;Labridae
Pseudolabrus fuentesi;Labridae
Pseudolabrus guentheri;Labridae
Pseudolabrus luculentus;Labridae
Pseudolabrus miles;Labridae
Pseudolabrus rubicundus;Labridae
Pseudolabrus semifasciatus;Labridae
Pseudolabrus sieboldi;Labridae
Pseudomugil spp;pseudomugilidae
Pseudupeneus grandisquamis;Mullidae
Pseudupeneus maculatus;Mullidae
Pseudupeneus spp;Mullidae
Pteragogus aurigarius;Labridae
Pteragogus cryptus;Labridae
Pteragogus enneacanthus;Labridae
Pteragogus flagellifer;Labridae
Pteragogus spp;Labridae
Ptereleotris calliura;Microdesmidae
Ptereleotris evides;Microdesmidae
Ptereleotris hanae;Microdesmidae
Ptereleotris heteroptera;Microdesmidae
Ptereleotris microlepis;Microdesmidae
Ptereleotris monoptera;Microdesmidae
Ptereleotris spp;Microdesmidae
Ptereleotris zebra;Microdesmidae
Pterocaesio chrysozona;Caesionidae
Pterocaesio digramma;Caesionidae
Pterocaesio marri;Caesionidae
Pterocaesio pisang;Caesionidae
Pterocaesio randalli;Caesionidae
Pterocaesio spp;Caesionidae
Pterocaesio tessellata;Caesionidae
Pterocaesio tile;Caesionidae
Pterocaesio trilineata;Caesionidae
Pterois antennata;Scorpaenidae
Pterois radiata;Scorpaenidae
Pterois volitans;Scorpaenidae
Pygoplites diacanthus;Pomacanthidae
Rastrelliger kanagurta;Scombridae
Remora remora;Echeneidae
Rhabdamia cypselurus;Apogonidae
Rhabdamia gracilis;Apogonidae
Rhabdamia sp;Apogonidae
Rhabdosargus holubi;Sparidae
Rhabdosargus sarba;Sparidae
Rhinecanthus aculeatus;Balistidae
Rhinecanthus assasi;Balistidae
Rhinecanthus lunula;Balistidae
Rhinecanthus rectangulus;Balistidae
Rhinecanthus verrucosus;Balistidae
Rhinesomus triqueter;Ostraciidae
Rhinomuraena quaesita;Muraenidae
Rhynchostracion nasus;Ostraciidae
Ruanoho whero;Tripterygiidae
Rypticus bicolor;Serranidae
Rypticus nigripinnis;Serranidae
Rypticus saponaceus;Serranidae
Salarias alboguttatus;Blenniidae
Salarias ceramensis;Blenniidae
Salarias fasciatus;Blenniidae
Salarias guttatus;Blenniidae
Salarias segmentatus;Blenniidae
Salarias sp;Blenniidae
Sarda australis;Scombridae
Sarda orientalis;Scombridae
Sardinops neopilchardus;Clupeidae
Sargocentron caudimaculatum;Holocentridae
Sargocentron cornutum;Holocentridae
Sargocentron diadema;Holocentridae
Sargocentron hormion;Holocentridae
Sargocentron ittodai;Holocentridae
Sargocentron melanospilos;Holocentridae
Sargocentron microstoma;Holocentridae
Sargocentron rubrum;Holocentridae
Sargocentron spiniferum;Holocentridae
Sargocentron spp;Holocentridae
Sargocentron suborbitalis;Holocentridae
Sargocentron tiere;Holocentridae
Sargocentron tiereoides;Holocentridae
Sargocentron vexillarium;Holocentridae
Sargocentron violaceum;Holocentridae
Sarpa salpa;Sparidae
Saurida gracilis;Synodontidae
Saurida nebulosa;Synodontidae
Saurida spp;Synodontidae
Scaevius milii;Nemipteridae
Scarus altipinnis;Scaridae
Scarus chameleon;Scaridae
Scarus coelestinus;Scaridae
Scarus coeruleus;Scaridae
Scarus compressus;Scaridae
Scarus dimidiatus;Scaridae
Scarus falcipinnis;Scaridae
Scarus ferrugineus;Scaridae
Scarus festivus;Scaridae
Scarus flavipectoralis;Scaridae
Scarus forsteni;Scaridae
Scarus frenatus;Scaridae
Scarus fuscopurpureus;Scaridae
Scarus ghobban;Scaridae
Scarus globiceps;Scaridae
Scarus guacamaia;Scaridae
Scarus iseri;Scaridae
Scarus koputea;Scaridae
Scarus longipinnis;Scaridae
Scarus niger;Scaridae
Scarus oviceps;Scaridae
Scarus perrico;Scaridae
Scarus prasiognathos;Scaridae
Scarus psittacus;Scaridae
Scarus quoyi;Scaridae
Scarus rivulatus;Scaridae
Scarus rubroviolaceus;Scaridae
Scarus russelii;Scaridae
Scarus scaber;Scaridae
Scarus schlegeli;Scaridae
Scarus spinus;Scaridae
Scarus spp;Scaridae
Scarus taeniopterus;Scaridae
Scarus tricolor;Scaridae
Scarus trispinosus;Scaridae
Scarus vetula;Scaridae
Scarus viridifucatus;Scaridae
Scarus xanthopleura;Scaridae
Scarus zelindae;Scaridae
Schuettea scalaripinnis;Monodactylidae
Schuettea woodwardi;Monodactylidae
Scobinichthys granulatus;Monacanthidae
Scolopsis affinis;Nemipteridae
Scolopsis aurata;Nemipteridae
Scolopsis bilineata;Nemipteridae
Scolopsis ciliata;Nemipteridae
Scolopsis frenatus;Nemipteridae
Scolopsis ghanam;Nemipteridae
Scolopsis lineata;Nemipteridae
Scolopsis margaritifer;Nemipteridae
Scolopsis monogramma;Nemipteridae
Scolopsis spp;Nemipteridae
Scolopsis trilineata;Nemipteridae
Scolopsis vosmeri;Nemipteridae
Scolopsis xenochrous;Nemipteridae
Scomber australasicus;Scombridae
Scomberoides commersonnianus;Carangidae
Scomberoides lysan;Carangidae
Scomberoides tol;Carangidae
Scomberomorus commerson;Scombridae
Scomberomorus maculatus;Scombridae
Scomberomorus queenslandicus;Scombridae
Scomberomorus regalis;Scombridae
Scomberomorus sierra;Scombridae
Scorpaena cardinalis;Scorpaenidae
Scorpaena cookii;Scorpaenidae
Scorpaena histrio;Scorpaenidae
Scorpaena jacksoniensis;Scorpaenidae
Scorpaena mystes;Scorpaenidae
Scorpaena papillosa;Scorpaenidae
Scorpaena plumieri;Scorpaenidae
Scorpaenid spp;Scorpaenidae
Scorpaenodes evides;Scorpaenidae
Scorpaenodes parvipinnis;Scorpaenidae
Scorpaenopsis cirrosa;Scorpaenidae
Scorpaenopsis neglecta;Scorpaenidae
Scorpaenopsis oxycephala;Scorpaenidae
Scorpaenopsis papuensis;Scorpaenidae
Scorpaenopsis possi;Scorpaenidae
Scorpaenopsis spp;Scorpaenidae
Scorpis aequipinnis;Kyphosidae
Scorpis georgiana;Kyphosidae
Scorpis lineolata;Kyphosidae
Scorpis violacea;Kyphosidae
Sebastapistes cyanostigma;Scorpaenidae
Sebastapistes spp;Scorpaenidae
Sebastapistes strongia;Scorpaenidae
Sebastiscus marmoratus;Sebastidae
Sectator ocyurus;Kyphosidae
Selar crumenophthalmus;Carangidae
Selaroides leptolepis;Carangidae
Seriola dumerili;Carangidae
Seriola hippos;Carangidae
Seriola lalandi;Carangidae
Seriola rivoliana;Carangidae
Seriola spp;Carangidae
Serranocirrhitus latus;Serranidae
Serranus baldwini;Serranidae
Serranus flaviventris;Serranidae
Serranus psittacinus;Serranidae
Serranus scriba;Serranidae
Serranus tabacarius;Serranidae
Serranus tico;Serranidae
Serranus tigrinus;Serranidae
Serranus tortugarum;Serranidae
Siganus argenteus;Siganidae
Siganus corallinus;Siganidae
Siganus doliatus;Siganidae
Siganus fuscescens;Siganidae
Siganus guttatus;Siganidae
Siganus javus;Siganidae
Siganus lineatus;Siganidae
Siganus luridus;Siganidae
Siganus puelloides;Siganidae
Siganus puellus;Siganidae
Siganus punctatissimus;Siganidae
Siganus punctatus;Siganidae
Siganus sp;Siganidae
Siganus spinus;Siganidae
Siganus stellatus;Siganidae
Siganus trispilos;Siganidae
Siganus vermiculatus;Siganidae
Siganus virgatus;Siganidae
Siganus vulpinus;Siganidae
Signigobius biocellatus;Gobiidae
Siphamia cephalotes;Apogonidae
Siphamia tubifer;Apogonidae
Siphonognathus attenuatus;Odacidae
Siphonognathus beddomei;Odacidae
Siphonognathus caninis;Odacidae
Siphonognathus radiatus;Odacidae
Sparisoma amplum;Scaridae
Sparisoma atomarium;Scaridae
Sparisoma aurofrenatum;Scaridae
Sparisoma axillare;Scaridae
Sparisoma chrysopterum;Scaridae
Sparisoma frondosum;Scaridae
Sparisoma radians;Scaridae
Sparisoma rubripinne;Scaridae
Sparisoma viride;Scaridae
Sphaeramia nematoptera;Apogonidae
Sphoeroides annulatus;Tetraodontidae
Sphoeroides spengleri;Tetraodontidae
Sphyraena barracuda;Sphyraenidae
Sphyraena ensis;Sphyraenidae
Sphyraena flavicauda;Sphyraenidae
Sphyraena helleri;Sphyraenidae
Sphyraena idiastes;Sphyraenidae
Sphyraena jello;Sphyraenidae
Sphyraena obtusata;Sphyraenidae
Sphyraena qenie;Sphyraenidae
Sphyraena sp;Sphyraenidae
Sphyrna lewini;Sphyrnidae
Spondyliosoma emarginatum;Sparidae
Spratelloides gracilis;Clupeidae
Spratelloides spp;Clupeidae
Squamicreedia obtusa;Percophidae
Squatina australis;Squatinidae
Stanulus talboti;Blenniidae
Stegastes acapulcoensis;Pomacentridae
Stegastes adustus;Pomacentridae
Stegastes albifasciatus;Pomacentridae
Stegastes altus;Pomacentridae
Stegastes apicalis;Pomacentridae
Stegastes arcifrons;Pomacentridae
Stegastes aureus;Pomacentridae
Stegastes beebei;Pomacentridae
Stegastes diencaeus;Pomacentridae
Stegastes emeryi;Pomacentridae
Stegastes fasciolatus;Pomacentridae
Stegastes flavilatus;Pomacentridae
Stegastes fuscus;Pomacentridae
Stegastes gascoynei;Pomacentridae
Stegastes insularis;Pomacentridae
Stegastes leucostictus;Pomacentridae
Stegastes lividus;Pomacentridae
Stegastes marginatus;Pomacentridae
Stegastes nigricans;Pomacentridae
Stegastes obreptus;Pomacentridae
Stegastes partitus;Pomacentridae
Stegastes pictus;Pomacentridae
Stegastes planifrons;Pomacentridae
Stegastes punctatus;Pomacentridae
Stegastes spp;Pomacentridae
Stegastes variabilis;Pomacentridae
Stephanolepis cirrhifer;Monacanthidae
Stethojulis albovittata;Labridae
Stethojulis balteata;Labridae
Stethojulis bandanensis;Labridae
Stethojulis interrupta;Labridae
Stethojulis marquesensis;Labridae
Stethojulis spp;Labridae
Stethojulis strigiventer;Labridae
Stethojulis terina;Labridae
Stethojulis trilineata;Labridae
Strongylura incisa;Belonidae
Stygnobrotula latebricola;Bythitidae
Suezichthys arquatus;Labridae
Suezichthys cyanolaemus;Labridae
Suezichthys devisi;Labridae
Sufflamen albicaudatum;Balistidae
Sufflamen bursa;Balistidae
Sufflamen chrysopterum;Balistidae
Sufflamen fraenatum;Balistidae
Sufflamen spp;Balistidae
Sufflamen verres;Balistidae
Symphodus mediterraneus;Labridae
Symphodus ocellatus;Labridae
Symphodus tinca;Labridae
Symphorichthys spilurus;Lutjanidae
Symphorus nematophorus;Lutjanidae
Synanceia verrucosa;Synanceiidae
Synchiropus bartelsi;Callionymidae
Synchiropus moyeri;Callionymidae
Synchiropus splendidus;Callionymidae
Synchiropus spp;Callionymidae
Synchiropus stellatus;Callionymidae
Synodus binotatus;Synodontidae
Synodus capricornis;Synodontidae
Synodus dermatogenys;Synodontidae
Synodus intermedius;Synodontidae
Synodus jaculum;Synodontidae
Synodus lacertinus;Synodontidae
Synodus rubromarmoratus;Synodontidae
Synodus sageneus;Synodontidae
Synodus saurus;Synodontidae
Synodus spp;Synodontidae
Synodus synodus;Synodontidae
Synodus ulae;Synodontidae
Synodus variegatus;Synodontidae
Taeniamia biguttata;Apogonidae
Taeniamia fucata;Apogonidae
Taeniamia leai;Apogonidae
Taeniamia melasma;Apogonidae
Taeniamia zosterophora;Apogonidae
Taenianotus triacanthus;Scorpaenidae
Taeniura lymma;Dasyatidae
Taeniura meyeni;Dasyatidae
Tetractenos glaber;Tetraodontidae
Thalassoma amblycephalum;Labridae
Thalassoma bifasciatum;Labridae
Thalassoma cupido;Labridae
Thalassoma duperrey;Labridae
Thalassoma grammaticum;Labridae
Thalassoma hardwicke;Labridae
Thalassoma hebraicum;Labridae
Thalassoma heiseri;Labridae
Thalassoma jansenii;Labridae
Thalassoma lucasanum;Labridae
Thalassoma lunare;Labridae
Thalassoma lutescens;Labridae
Thalassoma nigrofasciatum;Labridae
Thalassoma pavo;Labridae
Thalassoma purpureum;Labridae
Thalassoma quinquevittatum;Labridae
Thalassoma rueppellii;Labridae
Thalassoma septemfasciatum;Labridae
Thalassoma sp;Labridae
Thalassoma trilobatum;Labridae
Thamnaconus analis;Monacanthidae
Thunnus spp;Scombridae
Tilodon sexfasciatus;Kyphosidae
Torquigener pleurogramma;Tetraodontidae
Trachichthys australis;Trachichthyidae
Trachinops brauni;Plesiopidae
Trachinops caudimaculatus;Plesiopidae
Trachinops noarlungae;Plesiopidae
Trachinops taeniatus;Plesiopidae
Trachinotus baillonii;Carangidae
Trachinotus blochii;Carangidae
Trachinotus rhodopus;Carangidae
Trachinotus stilbe;Carangidae
Trachurus novaezelandiae;Carangidae
Trachypoma macracanthus;Serranidae
Tragulichthys jaculiferus;Diodontidae
Triaenodon obesus;Carcharhinidae
Trimma benjamini;Gobiidae
Trimma caesiura;Gobiidae
Trimma capostriatum;Gobiidae
Trimma lantana;Gobiidae
Trimma macrophthalmum;Gobiidae
Trimma okinawae;Gobiidae
Trimma sp;Gobiidae
Trimma striata;Gobiidae
Trimma taylori;Gobiidae
Trinorfolkia clarkei;Tripterygiidae
Tripterygion melanurus;Tripterygiidae
Trygonoptera ovalis;Urolophidae
Trygonoptera spp;Urolophidae
Trygonoptera testacea;Urolophidae
Tylosurus crocodilus;Belonidae
Tylosurus spp;Belonidae
Ucla xenogrammus;Tripterygiidae
Ulua mentalis;Carangidae
Umbrina spp;Sciaenidae
Upeneichthys lineatus;Mullidae
Upeneichthys vlamingii;Mullidae
Upeneus moluccensis;Mullidae
Upeneus tragula;Mullidae
Uraspis helvola;Carangidae
Urobatis halleri;Urotrygonidae
Urobatis jamaicensis;Urotrygonidae
Urobatis tumbesensis;Urotrygonidae
Urogymnus asperrimus;Dasyatidae
Urolophus gigas;Urolophidae
Urolophus spp;Urolophidae
Valenciennea alleni;Gobiidae
Valenciennea decora;Gobiidae
Valenciennea helsdingenii;Gobiidae
Valenciennea immaculata;Gobiidae
Valenciennea longipinnis;Gobiidae
Valenciennea muralis;Gobiidae
Valenciennea parva;Gobiidae
Valenciennea puellaris;Gobiidae
Valenciennea randalli;Gobiidae
Valenciennea sexguttata;Gobiidae
Valenciennea spp;Gobiidae
Valenciennea strigata;Gobiidae
Variola albimarginata;Serranidae
Variola louti;Serranidae
Xanthichthys mento;Balistidae
Zabidius novemaculeatus;Ephippidae
Zanclistius elevatus;Pentacerotidae
Zanclus cornutus;Zanclidae
Zapteryx xyster;Rhinobatidae
Zebrasoma desjardinii;Acanthuridae
Zebrasoma flavescens;Acanthuridae
Zebrasoma rostratum;Acanthuridae
Zebrasoma scopas;Acanthuridae
Zebrasoma velifer;Acanthuridae
Zebrasoma xanthurum;Acanthuridae
Zoramia fragilis;Apogonidae
Zoramia leptacantha;Apogonidae
Zoramia viridiventer;Apogonidae
